지역명,매장명,지역명_매장명,위치정보링크,검색방법
서울 강남,매장명추출필요,서울 강남_매장명추출필요,http://seoul.go.kr/,duckduckgo
서울 강남,매장명추출필요,서울 강남_매장명추출필요,https://namu.wiki/w/서울특별시,duckduckgo
서울 강남,매장명추출필요,서울 강남_매장명추출필요,https://kimchipig.tistory.com/entry/서울-여행-코스-추천-놓치면-후회하는-필수-명소-BEST-10,duckduckgo
서울 강남,매장명추출필요,서울 강남_매장명추출필요,https://ko.wikipedia.org/wiki/서울특별시,duckduckgo
서울 강남,매장명추출필요,서울 강남_매장명추출필요,https://korean.visitseoul.net/attractions,duckduckgo
부산 해운대,매장명추출필요,부산 해운대_매장명추출필요,https://www.busan.go.kr/,duckduckgo
부산 해운대,매장명추출필요,부산 해운대_매장명추출필요,https://namu.wiki/w/부산광역시,duckduckgo
부산 해운대,매장명추출필요,부산 해운대_매장명추출필요,https://www.tripadvisor.co.kr/Attractions-g297884-Activities-Busan.html,duckduckgo
부산 해운대,매장명추출필요,부산 해운대_매장명추출필요,https://www.visitbusan.net/kr/index.do,duckduckgo
부산 해운대,매장명추출필요,부산 해운대_매장명추출필요,https://www.busan.com/,duckduckgo
경기 수원,매장명추출필요,경기 수원_매장명추출필요,https://www.gg.go.kr/,duckduckgo
경기 수원,매장명추출필요,경기 수원_매장명추출필요,https://www.gg.go.kr/org/orgChart.do?menuId=1808,duckduckgo
경기 수원,매장명추출필요,경기 수원_매장명추출필요,https://www.gg.go.kr/contents/contents.do?ciIdx=679&menuId=2457,duckduckgo
경기 수원,매장명추출필요,경기 수원_매장명추출필요,https://www.gg.go.kr/contents/contents.do?ciIdx=676&menuId=1815,duckduckgo
경기 수원,매장명추출필요,경기 수원_매장명추출필요,https://www.gg.go.kr/?ref=thevc,duckduckgo
대구 수성,매장명추출필요,대구 수성_매장명추출필요,https://www.daegu.go.kr/index.do,duckduckgo
대구 수성,매장명추출필요,대구 수성_매장명추출필요,https://www.daegu.go.kr/index.do?menu_id=00000253,duckduckgo
대구 수성,매장명추출필요,대구 수성_매장명추출필요,https://www.daegu.go.kr/index.do?menu_id=00000248,duckduckgo
대구 수성,매장명추출필요,대구 수성_매장명추출필요,https://daegu.go.kr/dgihe/index.do,duckduckgo
대구 수성,매장명추출필요,대구 수성_매장명추출필요,https://www.daegu.go.kr/index.do?menu_id=00000264,duckduckgo
인천 부평,매장명추출필요,인천 부평_매장명추출필요,https://www.incheon.go.kr/index,duckduckgo
인천 부평,매장명추출필요,인천 부평_매장명추출필요,https://namu.wiki/w/인천광역시,duckduckgo
인천 부평,매장명추출필요,인천 부평_매장명추출필요,https://lct94.tistory.com/entry/인천-가볼만한-곳-베스트10-추천-2025년-업데이트,duckduckgo
인천 부평,매장명추출필요,인천 부평_매장명추출필요,https://news.nucleartip.com/entry/인천-가볼만한곳-베스트10-방문-필수-명소,duckduckgo
인천 부평,매장명추출필요,인천 부평_매장명추출필요,https://www.tripadvisor.co.kr/Attractions-g297889-Activities-Incheon.html,duckduckgo
